Operation	Seqn	Address	Value	PC	Size	Timestamp
READ	0	0x40021414	0x0	0x0	4	1775491308752905
WRITE	7	0x40021414	0x00000600	0x0	4	1775491309616886
WRITE	14	0x40021414	0x00000700	0x0	4	1775491310494719
WRITE	21	0x40021414	0x00000600	0x0	4	1775491311377313
WRITE	35	0x40021414	0x00000000	0x0	4	1775491313098559
WRITE	49	0x40021414	0x00000400	0x0	4	1775491314826700
READ	238	0x40021414	0x00000600	0x0	4	1775491338264418
READ	1	0x40021400	0x00150000	0x0	4	1775491308752905
WRITE	43	0x40021400	0x0	0x0	4	1775491313964718
WRITE	50	0x40021400	0x00150000	0x0	4	1775491314826700
READ	2	0x40021010	0x0000ffff	0x0	4	1775491308752905
READ	9	0x40021010	0x0	0x0	4	1775491309616886
READ	16	0x40021010	0x0000ffff	0x0	4	1775491310494719
READ	23	0x40021010	0x0	0x0	4	1775491311377313
READ	37	0x40021010	0x0000ffff	0x0	4	1775491313098559
READ	58	0x40021010	0x0	0x0	4	1775491315696722
READ	65	0x40021010	0x0000ffff	0x0	4	1775491316561668
READ	114	0x40021010	0x0	0x0	4	1775491322637774
READ	128	0x40021010	0x0000ffef	0x0	4	1775491324384311
READ	135	0x40021010	0x0	0x0	4	1775491325250426
READ	142	0x40021010	0x0000ffff	0x0	4	1775491326120713
READ	163	0x40021010	0x0	0x0	4	1775491328717157
READ	170	0x40021010	0x0000ffff	0x0	4	1775491329582654
READ	198	0x40021010	0x0	0x0	4	1775491333056377
READ	205	0x40021010	0x0000ffff	0x0	4	1775491333922788
READ	219	0x40021010	0x0	0x0	4	1775491335660645
READ	226	0x40021010	0x0000ffff	0x0	4	1775491336528598
READ	3	0x40020010	0x0000df6c	0x0	4	1775491308752905
READ	17	0x40020010	0x0000df6d	0x0	4	1775491310494719
READ	24	0x40020010	0x0000df6c	0x0	4	1775491311377313
READ	38	0x40020010	0x0	0x0	4	1775491313098559
READ	45	0x40020010	0x0000df6c	0x0	4	1775491313964718
READ	66	0x40020010	0x0	0x0	4	1775491316561668
READ	73	0x40020010	0x0000df6c	0x0	4	1775491317432199
READ	108	0x40020010	0x0	0x0	4	1775491321769962
READ	115	0x40020010	0x0000df6c	0x0	4	1775491322637774
READ	129	0x40020010	0x0	0x0	4	1775491324384311
READ	136	0x40020010	0x0000df6c	0x0	4	1775491325250426
READ	150	0x40020010	0x0	0x0	4	1775491326990523
READ	157	0x40020010	0x0000df6c	0x0	4	1775491327851200
READ	199	0x40020010	0x0	0x0	4	1775491333056377
READ	206	0x40020010	0x0000df6c	0x0	4	1775491333922788
READ	213	0x40020010	0x0	0x0	4	1775491334780285
READ	227	0x40020010	0x0000df6c	0x0	4	1775491336528598
READ	241	0x40020010	0x0	0x0	4	1775491338264418
READ	4	0x40023830	0x00100031	0x0	4	1775491308752905
READ	18	0x40023830	0x0	0x0	4	1775491310494719
READ	25	0x40023830	0x00100031	0x0	4	1775491311377313
READ	67	0x40023830	0x0	0x0	4	1775491316561668
READ	74	0x40023830	0x00100031	0x0	4	1775491317432199
READ	81	0x40023830	0x0	0x0	4	1775491318297809
READ	88	0x40023830	0x00100031	0x0	4	1775491319164119
READ	130	0x40023830	0x0	0x0	4	1775491324384311
READ	144	0x40023830	0x00100031	0x0	4	1775491326120713
READ	151	0x40023830	0x0	0x0	4	1775491326990523
READ	158	0x40023830	0x00100031	0x0	4	1775491327851200
READ	5	0x40021000	0x0	0x0	4	1775491308752905
READ	6	0x40020000	0x0	0x0	4	1775491308752905
READ	27	0x40020000	0xa8000000	0x0	4	1775491311377313
READ	34	0x40020000	0x0	0x0	4	1775491312233820
READ	41	0x40020000	0xa8000000	0x0	4	1775491313098559
READ	55	0x40020000	0x0	0x0	4	1775491314826700
READ	76	0x40020000	0xa8000000	0x0	4	1775491317432199
READ	111	0x40020000	0x0	0x0	4	1775491321769962
READ	118	0x40020000	0xa8000000	0x0	4	1775491322637774
READ	146	0x40020000	0x0	0x0	4	1775491326120713
READ	153	0x40020000	0xa8000000	0x0	4	1775491326990523
READ	160	0x40020000	0x0	0x0	4	1775491327851200
READ	167	0x40020000	0xa8000000	0x0	4	1775491328717157
READ	188	0x40020000	0x0	0x0	4	1775491331323986
READ	202	0x40020000	0xa8000000	0x0	4	1775491333056377
READ	209	0x40020000	0x0	0x0	4	1775491333922788
READ	216	0x40020000	0xa8000000	0x0	4	1775491334780285
READ	230	0x40020000	0x0	0x0	4	1775491336528598
READ	237	0x40020000	0xa8000000	0x0	4	1775491337402700
