Operation	Seqn	Address	Value	PC	Size	Timestamp
READ	0	0x40021414	0x00000700	0x0	4	1775489745013062
READ	1	0x40021400	0x00150000	0x0	4	1775489745013062
READ	2	0x40021404	0x0	0x0	4	1775489745013062
READ	3	0x40021408	0x00150000	0x0	4	1775489745013062
READ	4	0x4002140C	0x00150000	0x0	4	1775489745013062
READ	5	0x40023830	0x00100020	0x0	4	1775489745013062
READ	6	0x40021414	0x00000700	0x0	4	1775489745756757
WRITE	7	0x40021400	0x0	0x0	4	1775489745756757
READ	8	0x40021404	0x00000000	0x0	4	1775489745756757
READ	9	0x40021408	0x00150000	0x0	4	1775489745756757
WRITE	10	0x4002140C	0x0	0x0	4	1775489745756757
READ	11	0x40023830	0x00100020	0x0	4	1775489745756757
WRITE	12	0x40021414	0x0	0x0	4	1775489746502025
WRITE	13	0x40021400	0x00150000	0x0	4	1775489746502025
READ	14	0x40021404	0x00000000	0x0	4	1775489746502025
WRITE	15	0x40021408	0x0	0x0	4	1775489746502025
WRITE	16	0x4002140C	0x00150000	0x0	4	1775489746502025
WRITE	17	0x40023830	0x0	0x0	4	1775489746502025
READ	18	0x40021414	0x0	0x0	4	1775489747248186
WRITE	19	0x40021400	0x0	0x0	4	1775489747248186
READ	20	0x40021404	0x00000000	0x0	4	1775489747248186
WRITE	21	0x40021408	0x00150000	0x0	4	1775489747248186
READ	22	0x4002140C	0x00150000	0x0	4	1775489747248186
WRITE	23	0x40023830	0x00100020	0x0	4	1775489747248186
WRITE	24	0x40021414	0x00000700	0x0	4	1775489747999240
WRITE	25	0x40021400	0x00150000	0x0	4	1775489747999240
READ	26	0x40021404	0x00000000	0x0	4	1775489747999240
READ	27	0x40021408	0x00150000	0x0	4	1775489747999240
READ	28	0x4002140C	0x00150000	0x0	4	1775489747999240
READ	29	0x40023830	0x00100020	0x0	4	1775489747999240
WRITE	30	0x40021414	0x0	0x0	4	1775489748745728
READ	31	0x40021400	0x00150000	0x0	4	1775489748745728
READ	32	0x40021404	0x0	0x0	4	1775489748745728
READ	33	0x40021408	0x00150000	0x0	4	1775489748745728
WRITE	34	0x4002140C	0x0	0x0	4	1775489748745728
READ	35	0x40023830	0x00100020	0x0	4	1775489748745728
WRITE	36	0x40021414	0x00000400	0x0	4	1775489749502054
READ	37	0x40021400	0x00150000	0x0	4	1775489749502054
READ	38	0x40021404	0x0	0x0	4	1775489749502054
READ	39	0x40021408	0x00150000	0x0	4	1775489749502054
WRITE	40	0x4002140C	0x00150000	0x0	4	1775489749502054
WRITE	41	0x40023830	0x0	0x0	4	1775489749502054
WRITE	42	0x40021414	0x00000700	0x0	4	1775489750249510
WRITE	43	0x40021400	0x0	0x0	4	1775489750249510
READ	44	0x40021404	0x00000000	0x0	4	1775489750249510
WRITE	45	0x40021408	0x0	0x0	4	1775489750249510
READ	46	0x4002140C	0x00150000	0x0	4	1775489750249510
WRITE	47	0x40023830	0x00100020	0x0	4	1775489750249510
WRITE	48	0x40021414	0x00000400	0x0	4	1775489750989564
READ	49	0x40021400	0x0	0x0	4	1775489750989564
READ	50	0x40021404	0x00000000	0x0	4	1775489750989564
WRITE	51	0x40021408	0x00150000	0x0	4	1775489750989564
READ	52	0x4002140C	0x00150000	0x0	4	1775489750989564
READ	53	0x40023830	0x00100020	0x0	4	1775489750989564
READ	54	0x40021414	0x00000400	0x0	4	1775489751742529
WRITE	55	0x40021400	0x00150000	0x0	4	1775489751742529
READ	56	0x40021404	0x00000000	0x0	4	1775489751742529
WRITE	57	0x40021408	0x0	0x0	4	1775489751742529
READ	58	0x4002140C	0x00150000	0x0	4	1775489751742529
READ	59	0x40023830	0x00100020	0x0	4	1775489751742529
WRITE	60	0x40021414	0x00000700	0x0	4	1775489752504327
READ	61	0x40021400	0x00150000	0x0	4	1775489752504327
READ	62	0x40021404	0x0	0x0	4	1775489752504327
WRITE	63	0x40021408	0x00150000	0x0	4	1775489752504327
READ	64	0x4002140C	0x00150000	0x0	4	1775489752504327
READ	65	0x40023830	0x00100020	0x0	4	1775489752504327
WRITE	66	0x40021414	0x0	0x0	4	1775489753258863
READ	67	0x40021400	0x00150000	0x0	4	1775489753258863
READ	68	0x40021404	0x00000000	0x0	4	1775489753258863
READ	69	0x40021408	0x00150000	0x0	4	1775489753258863
READ	70	0x4002140C	0x00150000	0x0	4	1775489753258863
READ	71	0x40023830	0x00100020	0x0	4	1775489753258863
WRITE	72	0x40021414	0x00000400	0x0	4	1775489754027479
READ	73	0x40021400	0x00150000	0x0	4	1775489754027479
READ	74	0x40021404	0x00000000	0x0	4	1775489754027479
READ	75	0x40021408	0x00150000	0x0	4	1775489754027479
READ	76	0x4002140C	0x00150000	0x0	4	1775489754027479
READ	77	0x40023830	0x00100020	0x0	4	1775489754027479
WRITE	78	0x40021414	0x00000700	0x0	4	1775489754785548
READ	79	0x40021400	0x00150000	0x0	4	1775489754785548
READ	80	0x40021404	0x00000000	0x0	4	1775489754785548
READ	81	0x40021408	0x00150000	0x0	4	1775489754785548
READ	82	0x4002140C	0x00150000	0x0	4	1775489754785548
READ	83	0x40023830	0x00100020	0x0	4	1775489754785548
READ	84	0x40021414	0x00000700	0x0	4	1775489755558944
READ	85	0x40021400	0x00150000	0x0	4	1775489755558944
READ	86	0x40021404	0x00000000	0x0	4	1775489755558944
WRITE	87	0x40021408	0x0	0x0	4	1775489755558944
READ	88	0x4002140C	0x00150000	0x0	4	1775489755558944
WRITE	89	0x40023830	0x0	0x0	4	1775489755558944
WRITE	90	0x40021414	0x00000400	0x0	4	1775489756326561
READ	91	0x40021400	0x00150000	0x0	4	1775489756326561
READ	92	0x40021404	0x00000000	0x0	4	1775489756326561
WRITE	93	0x40021408	0x00150000	0x0	4	1775489756326561
WRITE	94	0x4002140C	0x0	0x0	4	1775489756326561
READ	95	0x40023830	0x0	0x0	4	1775489756326561
WRITE	96	0x40021414	0x00000700	0x0	4	1775489757081140
WRITE	97	0x40021400	0x0	0x0	4	1775489757081140
READ	98	0x40021404	0x00000000	0x0	4	1775489757081140
WRITE	99	0x40021408	0x0	0x0	4	1775489757081140
WRITE	100	0x4002140C	0x00150000	0x0	4	1775489757081140
WRITE	101	0x40023830	0x00100020	0x0	4	1775489757081140
READ	102	0x40021414	0x00000700	0x0	4	1775489757836953
WRITE	103	0x40021400	0x00150000	0x0	4	1775489757836953
READ	104	0x40021404	0x0	0x0	4	1775489757836953
WRITE	105	0x40021408	0x00150000	0x0	4	1775489757836953
READ	106	0x4002140C	0x00150000	0x0	4	1775489757836953
WRITE	107	0x40023830	0x0	0x0	4	1775489757836953
WRITE	108	0x40021414	0x00000400	0x0	4	1775489758595775
READ	109	0x40021400	0x00150000	0x0	4	1775489758595775
READ	110	0x40021404	0x00000000	0x0	4	1775489758595775
WRITE	111	0x40021408	0x0	0x0	4	1775489758595775
READ	112	0x4002140C	0x00150000	0x0	4	1775489758595775
READ	113	0x40023830	0x0	0x0	4	1775489758595775
READ	114	0x40021414	0x00000400	0x0	4	1775489759368037
READ	115	0x40021400	0x00150000	0x0	4	1775489759368037
READ	116	0x40021404	0x00000000	0x0	4	1775489759368037
READ	117	0x40021408	0x0	0x0	4	1775489759368037
READ	118	0x4002140C	0x00150000	0x0	4	1775489759368037
WRITE	119	0x40023830	0x00100020	0x0	4	1775489759368037
WRITE	120	0x40021414	0x00000700	0x0	4	1775489760142212
READ	121	0x40021400	0x00150000	0x0	4	1775489760142212
READ	122	0x40021404	0x0	0x0	4	1775489760142212
READ	123	0x40021408	0x0	0x0	4	1775489760142212
READ	124	0x4002140C	0x00150000	0x0	4	1775489760142212
READ	125	0x40023830	0x00100020	0x0	4	1775489760142212
WRITE	126	0x40021414	0x00000400	0x0	4	1775489760896957
WRITE	127	0x40021400	0x0	0x0	4	1775489760896957
READ	128	0x40021404	0x0	0x0	4	1775489760896957
WRITE	129	0x40021408	0x00150000	0x0	4	1775489760896957
READ	130	0x4002140C	0x00150000	0x0	4	1775489760896957
READ	131	0x40023830	0x00100020	0x0	4	1775489760896957
READ	132	0x40021414	0x00000400	0x0	4	1775489761651783
WRITE	133	0x40021400	0x00150000	0x0	4	1775489761651783
READ	134	0x40021404	0x00000000	0x0	4	1775489761651783
READ	135	0x40021408	0x00150000	0x0	4	1775489761651783
READ	136	0x4002140C	0x00150000	0x0	4	1775489761651783
READ	137	0x40023830	0x00100020	0x0	4	1775489761651783
WRITE	138	0x40021414	0x00000700	0x0	4	1775489762405963
READ	139	0x40021400	0x00150000	0x0	4	1775489762405963
READ	140	0x40021404	0x00000000	0x0	4	1775489762405963
READ	141	0x40021408	0x00150000	0x0	4	1775489762405963
READ	142	0x4002140C	0x00150000	0x0	4	1775489762405963
READ	143	0x40023830	0x00100020	0x0	4	1775489762405963
READ	144	0x40021414	0x00000700	0x0	4	1775489763148718
READ	145	0x40021400	0x00150000	0x0	4	1775489763148718
READ	146	0x40021404	0x0	0x0	4	1775489763148718
READ	147	0x40021408	0x00150000	0x0	4	1775489763148718
READ	148	0x4002140C	0x00150000	0x0	4	1775489763148718
WRITE	149	0x40023830	0x0	0x0	4	1775489763148718
WRITE	150	0x40021414	0x00000400	0x0	4	1775489763903664
READ	151	0x40021400	0x00150000	0x0	4	1775489763903664
READ	152	0x40021404	0x00000000	0x0	4	1775489763903664
READ	153	0x40021408	0x00150000	0x0	4	1775489763903664
READ	154	0x4002140C	0x00150000	0x0	4	1775489763903664
WRITE	155	0x40023830	0x00100020	0x0	4	1775489763903664
WRITE	156	0x40021414	0x00000700	0x0	4	1775489764648413
READ	157	0x40021400	0x00150000	0x0	4	1775489764648413
READ	158	0x40021404	0x0	0x0	4	1775489764648413
READ	159	0x40021408	0x00150000	0x0	4	1775489764648413
WRITE	160	0x4002140C	0x0	0x0	4	1775489764648413
READ	161	0x40023830	0x00100020	0x0	4	1775489764648413
WRITE	162	0x40021414	0x0	0x0	4	1775489765389500
READ	163	0x40021400	0x00150000	0x0	4	1775489765389500
READ	164	0x40021404	0x00000000	0x0	4	1775489765389500
READ	165	0x40021408	0x00150000	0x0	4	1775489765389500
READ	166	0x4002140C	0x0	0x0	4	1775489765389500
READ	167	0x40023830	0x00100020	0x0	4	1775489765389500
WRITE	168	0x40021414	0x00000400	0x0	4	1775489766136233
READ	169	0x40021400	0x00150000	0x0	4	1775489766136233
READ	170	0x40021404	0x00000000	0x0	4	1775489766136233
READ	171	0x40021408	0x00150000	0x0	4	1775489766136233
READ	172	0x4002140C	0x0	0x0	4	1775489766136233
READ	173	0x40023830	0x00100020	0x0	4	1775489766136233
WRITE	174	0x40021414	0x00000700	0x0	4	1775489766878324
WRITE	175	0x40021400	0x0	0x0	4	1775489766878324
READ	176	0x40021404	0x00000000	0x0	4	1775489766878324
WRITE	177	0x40021408	0x0	0x0	4	1775489766878324
WRITE	178	0x4002140C	0x00150000	0x0	4	1775489766878324
READ	179	0x40023830	0x00100020	0x0	4	1775489766878324
READ	180	0x40021414	0x00000700	0x0	4	1775489767625317
WRITE	181	0x40021400	0x00150000	0x0	4	1775489767625317
READ	182	0x40021404	0x00000000	0x0	4	1775489767625317
WRITE	183	0x40021408	0x00150000	0x0	4	1775489767625317
READ	184	0x4002140C	0x00150000	0x0	4	1775489767625317
READ	185	0x40023830	0x00100020	0x0	4	1775489767625317
WRITE	186	0x40021414	0x0	0x0	4	1775489768371580
WRITE	187	0x40021400	0x0	0x0	4	1775489768371580
READ	188	0x40021404	0x00000000	0x0	4	1775489768371580
READ	189	0x40021408	0x00150000	0x0	4	1775489768371580
READ	190	0x4002140C	0x00150000	0x0	4	1775489768371580
READ	191	0x40023830	0x00100020	0x0	4	1775489768371580
WRITE	192	0x40021414	0x00000400	0x0	4	1775489769118302
READ	193	0x40021400	0x0	0x0	4	1775489769118302
READ	194	0x40021404	0x0	0x0	4	1775489769118302
READ	195	0x40021408	0x00150000	0x0	4	1775489769118302
READ	196	0x4002140C	0x00150000	0x0	4	1775489769118302
WRITE	197	0x40023830	0x0	0x0	4	1775489769118302
WRITE	198	0x40021414	0x00000700	0x0	4	1775489769882075
WRITE	199	0x40021400	0x00150000	0x0	4	1775489769882075
READ	200	0x40021404	0x00000000	0x0	4	1775489769882075
WRITE	201	0x40021408	0x0	0x0	4	1775489769882075
READ	202	0x4002140C	0x00150000	0x0	4	1775489769882075
WRITE	203	0x40023830	0x00100020	0x0	4	1775489769882075
WRITE	204	0x40021414	0x00000400	0x0	4	1775489770624749
WRITE	205	0x40021400	0x0	0x0	4	1775489770624749
READ	206	0x40021404	0x00000000	0x0	4	1775489770624749
WRITE	207	0x40021408	0x00150000	0x0	4	1775489770624749
WRITE	208	0x4002140C	0x0	0x0	4	1775489770624749
READ	209	0x40023830	0x00100020	0x0	4	1775489770624749
READ	210	0x40021414	0x00000400	0x0	4	1775489771369737
READ	211	0x40021400	0x0	0x0	4	1775489771369737
READ	212	0x40021404	0x00000000	0x0	4	1775489771369737
READ	213	0x40021408	0x00150000	0x0	4	1775489771369737
READ	214	0x4002140C	0x0	0x0	4	1775489771369737
READ	215	0x40023830	0x00100020	0x0	4	1775489771369737
WRITE	216	0x40021414	0x00000700	0x0	4	1775489772120087
WRITE	217	0x40021400	0x00150000	0x0	4	1775489772120087
READ	218	0x40021404	0x0	0x0	4	1775489772120087
READ	219	0x40021408	0x00150000	0x0	4	1775489772120087
WRITE	220	0x4002140C	0x00150000	0x0	4	1775489772120087
READ	221	0x40023830	0x00100020	0x0	4	1775489772120087
WRITE	222	0x40021414	0x00000400	0x0	4	1775489772868649
READ	223	0x40021400	0x00150000	0x0	4	1775489772868649
READ	224	0x40021404	0x0	0x0	4	1775489772868649
READ	225	0x40021408	0x00150000	0x0	4	1775489772868649
READ	226	0x4002140C	0x00150000	0x0	4	1775489772868649
READ	227	0x40023830	0x00100020	0x0	4	1775489772868649
READ	228	0x40021414	0x00000400	0x0	4	1775489773622148
READ	229	0x40021400	0x00150000	0x0	4	1775489773622148
READ	230	0x40021404	0x0	0x0	4	1775489773622148
READ	231	0x40021408	0x00150000	0x0	4	1775489773622148
WRITE	232	0x4002140C	0x0	0x0	4	1775489773622148
READ	233	0x40023830	0x00100020	0x0	4	1775489773622148
WRITE	234	0x40021414	0x0	0x0	4	1775489774359815
WRITE	235	0x40021400	0x0	0x0	4	1775489774359815
READ	236	0x40021404	0x00000000	0x0	4	1775489774359815
READ	237	0x40021408	0x00150000	0x0	4	1775489774359815
WRITE	238	0x4002140C	0x00150000	0x0	4	1775489774359815
READ	239	0x40023830	0x00100020	0x0	4	1775489774359815
