Operation	Seqn	Address	Value	Value (Model)	PC	Size	Timestamp	Model
READ	0	0x40021414	0x00000200		0x0	4	1774364588937329	
READ	1	0x40021400	0x00140000		0x0	4	1774364588937329	
READ	2	0x40021404	0x0		0x0	4	1774364588937329	
READ	3	0x40021408	0x00140000		0x0	4	1774364588937329	
READ	4	0x4002140C	0x00140000		0x0	4	1774364588937329	
READ	5	0x40023830	0x0		0x0	4	1774364588937329	
WRITE	6	0x40021414	0x00000400		0x0	4	1774364589633233	
READ	7	0x40021414	0x00000400		0x0	4	1774364589633233	
WRITE	8	0x40021400	0x0		0x0	4	1774364589633233	
READ	9	0x40021400	0x0		0x0	4	1774364589633233	
READ	10	0x40021404	0x00000000		0x0	4	1774364589633233	
READ	11	0x40021408	0x00140000		0x0	4	1774364589633233	
READ	12	0x4002140C	0x00140000		0x0	4	1774364589633233	
READ	13	0x40023830	0x0		0x0	4	1774364589633233	
WRITE	14	0x40021414	0x0		0x0	4	1774364590332982	
READ	15	0x40021414	0x0		0x0	4	1774364590332982	
READ	16	0x40021400	0x0		0x0	4	1774364590332982	
READ	17	0x40021404	0x00000000		0x0	4	1774364590332982	
WRITE	18	0x40021408	0x0		0x0	4	1774364590332982	
READ	19	0x40021408	0x0		0x0	4	1774364590332982	
WRITE	20	0x4002140C	0x0		0x0	4	1774364590332982	
READ	21	0x4002140C	0x0		0x0	4	1774364590332982	
WRITE	22	0x40023830	0x00100020		0x0	4	1774364590332982	
READ	23	0x40023830	0x00100020		0x0	4	1774364590332982	
WRITE	24	0x40021414	0x00000400		0x0	4	1774364591039708	
READ	25	0x40021414	0x00000400		0x0	4	1774364591039708	
WRITE	26	0x40021400	0x00140000		0x0	4	1774364591039708	
READ	27	0x40021400	0x00140000		0x0	4	1774364591039708	
READ	28	0x40021404	0x00000000		0x0	4	1774364591039708	
WRITE	29	0x40021408	0x00140000		0x0	4	1774364591039708	
READ	30	0x40021408	0x00140000		0x0	4	1774364591039708	
WRITE	31	0x4002140C	0x00140000		0x0	4	1774364591039708	
READ	32	0x4002140C	0x00140000		0x0	4	1774364591039708	
READ	33	0x40023830	0x00100020		0x0	4	1774364591039708	
WRITE	34	0x40021414	0x00000200		0x0	4	1774364591736858	
READ	35	0x40021414	0x00000200		0x0	4	1774364591736858	
READ	36	0x40021400	0x00140000		0x0	4	1774364591736858	
READ	37	0x40021404	0x00000000		0x0	4	1774364591736858	
WRITE	38	0x40021408	0x0		0x0	4	1774364591736858	
READ	39	0x40021408	0x0		0x0	4	1774364591736858	
READ	40	0x4002140C	0x00140000		0x0	4	1774364591736858	
WRITE	41	0x40023830	0x0		0x0	4	1774364591736858	
READ	42	0x40023830	0x0		0x0	4	1774364591736858	
WRITE	43	0x40021414	0x00000400		0x0	4	1774364592419154	
READ	44	0x40021414	0x00000400		0x0	4	1774364592419154	
READ	45	0x40021400	0x00140000		0x0	4	1774364592419154	
READ	46	0x40021404	0x00000000		0x0	4	1774364592419154	
WRITE	47	0x40021408	0x00140000		0x0	4	1774364592419154	
READ	48	0x40021408	0x00140000		0x0	4	1774364592419154	
READ	49	0x4002140C	0x00140000		0x0	4	1774364592419154	
WRITE	50	0x40023830	0x00100020		0x0	4	1774364592419154	
READ	51	0x40023830	0x00100020		0x0	4	1774364592419154	
READ	52	0x40021414	0x00000400		0x0	4	1774364593120628	
READ	53	0x40021400	0x00140000		0x0	4	1774364593120628	
READ	54	0x40021404	0x00000000		0x0	4	1774364593120628	
READ	55	0x40021408	0x00140000		0x0	4	1774364593120628	
READ	56	0x4002140C	0x00140000		0x0	4	1774364593120628	
WRITE	57	0x40023830	0x0		0x0	4	1774364593120628	
READ	58	0x40023830	0x0		0x0	4	1774364593120628	
WRITE	59	0x40021414	0x0		0x0	4	1774364593805290	
READ	60	0x40021414	0x0		0x0	4	1774364593805290	
WRITE	61	0x40021400	0x0		0x0	4	1774364593805290	
READ	62	0x40021400	0x0		0x0	4	1774364593805290	
READ	63	0x40021404	0x00000000		0x0	4	1774364593805290	
READ	64	0x40021408	0x00140000		0x0	4	1774364593805290	
READ	65	0x4002140C	0x00140000		0x0	4	1774364593805290	
WRITE	66	0x40023830	0x00100020		0x0	4	1774364593805290	
READ	67	0x40023830	0x00100020		0x0	4	1774364593805290	
WRITE	68	0x40021414	0x00000400		0x0	4	1774364594497262	
READ	69	0x40021414	0x00000400		0x0	4	1774364594497262	
WRITE	70	0x40021400	0x00140000		0x0	4	1774364594497262	
READ	71	0x40021400	0x00140000		0x0	4	1774364594497262	
READ	72	0x40021404	0x00000000		0x0	4	1774364594497262	
READ	73	0x40021408	0x00140000		0x0	4	1774364594497262	
READ	74	0x4002140C	0x00140000		0x0	4	1774364594497262	
READ	75	0x40023830	0x00100020		0x0	4	1774364594497262	
WRITE	76	0x40021414	0x00000200		0x0	4	1774364595184951	
READ	77	0x40021414	0x00000200		0x0	4	1774364595184951	
WRITE	78	0x40021400	0x0		0x0	4	1774364595184951	
READ	79	0x40021400	0x0		0x0	4	1774364595184951	
READ	80	0x40021404	0x00000000		0x0	4	1774364595184951	
READ	81	0x40021408	0x00140000		0x0	4	1774364595184951	
WRITE	82	0x4002140C	0x0		0x0	4	1774364595184951	
READ	83	0x4002140C	0x0		0x0	4	1774364595184951	
READ	84	0x40023830	0x00100020		0x0	4	1774364595184951	
WRITE	85	0x40021414	0x0		0x0	4	1774364595887710	
READ	86	0x40021414	0x0		0x0	4	1774364595887710	
WRITE	87	0x40021400	0x00140000		0x0	4	1774364595887710	
READ	88	0x40021400	0x00140000		0x0	4	1774364595887710	
READ	89	0x40021404	0x0		0x0	4	1774364595887710	
READ	90	0x40021408	0x00140000		0x0	4	1774364595887710	
WRITE	91	0x4002140C	0x00140000		0x0	4	1774364595887710	
READ	92	0x4002140C	0x00140000		0x0	4	1774364595887710	
READ	93	0x40023830	0x00100020		0x0	4	1774364595887710	
WRITE	94	0x40021414	0x00000200		0x0	4	1774364596577009	
READ	95	0x40021414	0x00000200		0x0	4	1774364596577009	
WRITE	96	0x40021400	0x0		0x0	4	1774364596577009	
READ	97	0x40021400	0x0		0x0	4	1774364596577009	
READ	98	0x40021404	0x00000000		0x0	4	1774364596577009	
READ	99	0x40021408	0x00140000		0x0	4	1774364596577009	
READ	100	0x4002140C	0x00140000		0x0	4	1774364596577009	
READ	101	0x40023830	0x00100020		0x0	4	1774364596577009	
READ	102	0x40021414	0x00000200		0x0	4	1774364597286546	
WRITE	103	0x40021400	0x00140000		0x0	4	1774364597286546	
READ	104	0x40021400	0x00140000		0x0	4	1774364597286546	
READ	105	0x40021404	0x00000000		0x0	4	1774364597286546	
READ	106	0x40021408	0x00140000		0x0	4	1774364597286546	
READ	107	0x4002140C	0x00140000		0x0	4	1774364597286546	
READ	108	0x40023830	0x00100020		0x0	4	1774364597286546	
WRITE	109	0x40021414	0x00000400		0x0	4	1774364597980478	
READ	110	0x40021414	0x00000400		0x0	4	1774364597980478	
WRITE	111	0x40021400	0x0		0x0	4	1774364597980478	
READ	112	0x40021400	0x0		0x0	4	1774364597980478	
READ	113	0x40021404	0x00000000		0x0	4	1774364597980478	
READ	114	0x40021408	0x00140000		0x0	4	1774364597980478	
READ	115	0x4002140C	0x00140000		0x0	4	1774364597980478	
READ	116	0x40023830	0x00100020		0x0	4	1774364597980478	
WRITE	117	0x40021414	0x0		0x0	4	1774364598698368	
READ	118	0x40021414	0x0		0x0	4	1774364598698368	
READ	119	0x40021400	0x0		0x0	4	1774364598698368	
READ	120	0x40021404	0x0		0x0	4	1774364598698368	
READ	121	0x40021408	0x00140000		0x0	4	1774364598698368	
READ	122	0x4002140C	0x00140000		0x0	4	1774364598698368	
READ	123	0x40023830	0x00100020		0x0	4	1774364598698368	
WRITE	124	0x40021414	0x00000400		0x0	4	1774364599386899	
READ	125	0x40021414	0x00000400		0x0	4	1774364599386899	
READ	126	0x40021400	0x0		0x0	4	1774364599386899	
READ	127	0x40021404	0x00000000		0x0	4	1774364599386899	
WRITE	128	0x40021408	0x0		0x0	4	1774364599386899	
READ	129	0x40021408	0x0		0x0	4	1774364599386899	
READ	130	0x4002140C	0x00140000		0x0	4	1774364599386899	
READ	131	0x40023830	0x00100020		0x0	4	1774364599386899	
WRITE	132	0x40021414	0x0		0x0	4	1774364600094095	
READ	133	0x40021414	0x0		0x0	4	1774364600094095	
WRITE	134	0x40021400	0x00140000		0x0	4	1774364600094095	
READ	135	0x40021400	0x00140000		0x0	4	1774364600094095	
READ	136	0x40021404	0x0		0x0	4	1774364600094095	
READ	137	0x40021408	0x0		0x0	4	1774364600094095	
WRITE	138	0x4002140C	0x0		0x0	4	1774364600094095	
READ	139	0x4002140C	0x0		0x0	4	1774364600094095	
READ	140	0x40023830	0x00100020		0x0	4	1774364600094095	
WRITE	141	0x40021414	0x00000400		0x0	4	1774364600796103	
READ	142	0x40021414	0x00000400		0x0	4	1774364600796103	
READ	143	0x40021400	0x00140000		0x0	4	1774364600796103	
READ	144	0x40021404	0x00000000		0x0	4	1774364600796103	
READ	145	0x40021408	0x0		0x0	4	1774364600796103	
WRITE	146	0x4002140C	0x00140000		0x0	4	1774364600796103	
READ	147	0x4002140C	0x00140000		0x0	4	1774364600796103	
WRITE	148	0x40023830	0x0		0x0	4	1774364600796103	
READ	149	0x40023830	0x0		0x0	4	1774364600796103	
WRITE	150	0x40021414	0x00000200		0x0	4	1774364601486965	
READ	151	0x40021414	0x00000200		0x0	4	1774364601486965	
READ	152	0x40021400	0x00140000		0x0	4	1774364601486965	
READ	153	0x40021404	0x00000000		0x0	4	1774364601486965	
WRITE	154	0x40021408	0x00140000		0x0	4	1774364601486965	
READ	155	0x40021408	0x00140000		0x0	4	1774364601486965	
READ	156	0x4002140C	0x00140000		0x0	4	1774364601486965	
READ	157	0x40023830	0x0		0x0	4	1774364601486965	
READ	158	0x40021414	0x00000200		0x0	4	1774364602182603	
READ	159	0x40021400	0x00140000		0x0	4	1774364602182603	
READ	160	0x40021404	0x0		0x0	4	1774364602182603	
READ	161	0x40021408	0x00140000		0x0	4	1774364602182603	
WRITE	162	0x4002140C	0x0		0x0	4	1774364602182603	
READ	163	0x4002140C	0x0		0x0	4	1774364602182603	
WRITE	164	0x40023830	0x00100020		0x0	4	1774364602182603	
READ	165	0x40023830	0x00100020		0x0	4	1774364602182603	
WRITE	166	0x40021414	0x00000400		0x0	4	1774364602875177	
READ	167	0x40021414	0x00000400		0x0	4	1774364602875177	
READ	168	0x40021400	0x00140000		0x0	4	1774364602875177	
READ	169	0x40021404	0x0		0x0	4	1774364602875177	
READ	170	0x40021408	0x00140000		0x0	4	1774364602875177	
WRITE	171	0x4002140C	0x00140000		0x0	4	1774364602875177	
READ	172	0x4002140C	0x00140000		0x0	4	1774364602875177	
READ	173	0x40023830	0x00100020		0x0	4	1774364602875177	
WRITE	174	0x40021414	0x0		0x0	4	1774364603562349	
READ	175	0x40021414	0x0		0x0	4	1774364603562349	
READ	176	0x40021400	0x00140000		0x0	4	1774364603562349	
READ	177	0x40021404	0x00000000		0x0	4	1774364603562349	
READ	178	0x40021408	0x00140000		0x0	4	1774364603562349	
READ	179	0x4002140C	0x00140000		0x0	4	1774364603562349	
READ	180	0x40023830	0x00100020		0x0	4	1774364603562349	
READ	181	0x40021414	0x0		0x0	4	1774364604278144	
READ	182	0x40021400	0x00140000		0x0	4	1774364604278144	
READ	183	0x40021404	0x00000000		0x0	4	1774364604278144	
READ	184	0x40021408	0x00140000		0x0	4	1774364604278144	
READ	185	0x4002140C	0x00140000		0x0	4	1774364604278144	
WRITE	186	0x40023830	0x0		0x0	4	1774364604278144	
READ	187	0x40023830	0x0		0x0	4	1774364604278144	
READ	188	0x40021414	0x0		0x0	4	1774364605004411	
READ	189	0x40021400	0x00140000		0x0	4	1774364605004411	
READ	190	0x40021404	0x0		0x0	4	1774364605004411	
READ	191	0x40021408	0x00140000		0x0	4	1774364605004411	
WRITE	192	0x4002140C	0x0		0x0	4	1774364605004411	
READ	193	0x4002140C	0x0		0x0	4	1774364605004411	
WRITE	194	0x40023830	0x00100020		0x0	4	1774364605004411	
READ	195	0x40023830	0x00100020		0x0	4	1774364605004411	
WRITE	196	0x40021414	0x00000400		0x0	4	1774364605711073	
READ	197	0x40021414	0x00000400		0x0	4	1774364605711073	
WRITE	198	0x40021400	0x0		0x0	4	1774364605711073	
READ	199	0x40021400	0x0		0x0	4	1774364605711073	
READ	200	0x40021404	0x0		0x0	4	1774364605711073	
READ	201	0x40021408	0x00140000		0x0	4	1774364605711073	
WRITE	202	0x4002140C	0x00140000		0x0	4	1774364605711073	
READ	203	0x4002140C	0x00140000		0x0	4	1774364605711073	
READ	204	0x40023830	0x00100020		0x0	4	1774364605711073	
WRITE	205	0x40021414	0x0		0x0	4	1774364606410122	
READ	206	0x40021414	0x0		0x0	4	1774364606410122	
WRITE	207	0x40021400	0x00140000		0x0	4	1774364606410122	
READ	208	0x40021400	0x00140000		0x0	4	1774364606410122	
READ	209	0x40021404	0x00000000		0x0	4	1774364606410122	
READ	210	0x40021408	0x00140000		0x0	4	1774364606410122	
WRITE	211	0x4002140C	0x0		0x0	4	1774364606410122	
READ	212	0x4002140C	0x0		0x0	4	1774364606410122	
READ	213	0x40023830	0x00100020		0x0	4	1774364606410122	
WRITE	214	0x40021414	0x00000200		0x0	4	1774364607123559	
READ	215	0x40021414	0x00000200		0x0	4	1774364607123559	
WRITE	216	0x40021400	0x0		0x0	4	1774364607123559	
READ	217	0x40021400	0x0		0x0	4	1774364607123559	
READ	218	0x40021404	0x00000000		0x0	4	1774364607123559	
READ	219	0x40021408	0x00140000		0x0	4	1774364607123559	
WRITE	220	0x4002140C	0x00140000		0x0	4	1774364607123559	
READ	221	0x4002140C	0x00140000		0x0	4	1774364607123559	
READ	222	0x40023830	0x00100020		0x0	4	1774364607123559	
WRITE	223	0x40021414	0x0		0x0	4	1774364607841220	
READ	224	0x40021414	0x0		0x0	4	1774364607841220	
READ	225	0x40021400	0x0		0x0	4	1774364607841220	
READ	226	0x40021404	0x00000000		0x0	4	1774364607841220	
READ	227	0x40021408	0x00140000		0x0	4	1774364607841220	
READ	228	0x4002140C	0x00140000		0x0	4	1774364607841220	
READ	229	0x40023830	0x00100020		0x0	4	1774364607841220	
READ	230	0x40021414	0x0		0x0	4	1774364608532807	
WRITE	231	0x40021400	0x00140000		0x0	4	1774364608532807	
READ	232	0x40021400	0x00140000		0x0	4	1774364608532807	
READ	233	0x40021404	0x00000000		0x0	4	1774364608532807	
READ	234	0x40021408	0x00140000		0x0	4	1774364608532807	
READ	235	0x4002140C	0x00140000		0x0	4	1774364608532807	
READ	236	0x40023830	0x00100020		0x0	4	1774364608532807	
WRITE	237	0x40021414	0x00000400		0x0	4	1774364609260237	
READ	238	0x40021414	0x00000400		0x0	4	1774364609260237	
READ	239	0x40021400	0x00140000		0x0	4	1774364609260237	
READ	240	0x40021404	0x00000000		0x0	4	1774364609260237	
READ	241	0x40021408	0x00140000		0x0	4	1774364609260237	
READ	242	0x4002140C	0x00140000		0x0	4	1774364609260237	
WRITE	243	0x40023830	0x0		0x0	4	1774364609260237	
READ	244	0x40023830	0x0		0x0	4	1774364609260237	
WRITE	245	0x40021414	0x00000200		0x0	4	1774364609954669	
READ	246	0x40021414	0x00000200		0x0	4	1774364609954669	
READ	247	0x40021400	0x00140000		0x0	4	1774364609954669	
READ	248	0x40021404	0x00000000		0x0	4	1774364609954669	
READ	249	0x40021408	0x00140000		0x0	4	1774364609954669	
READ	250	0x4002140C	0x00140000		0x0	4	1774364609954669	
WRITE	251	0x40023830	0x00100020		0x0	4	1774364609954669	
READ	252	0x40023830	0x00100020		0x0	4	1774364609954669	
WRITE	253	0x40021414	0x00000400		0x0	4	1774364610654843	
READ	254	0x40021414	0x00000400		0x0	4	1774364610654843	
READ	255	0x40021400	0x00140000		0x0	4	1774364610654843	
READ	256	0x40021404	0x0		0x0	4	1774364610654843	
READ	257	0x40021408	0x00140000		0x0	4	1774364610654843	
READ	258	0x4002140C	0x00140000		0x0	4	1774364610654843	
READ	259	0x40023830	0x00100020		0x0	4	1774364610654843	
READ	260	0x40021414	0x00000400		0x0	4	1774364611348950	
READ	261	0x40021400	0x00140000		0x0	4	1774364611348950	
READ	262	0x40021404	0x00000000		0x0	4	1774364611348950	
READ	263	0x40021408	0x00140000		0x0	4	1774364611348950	
READ	264	0x4002140C	0x00140000		0x0	4	1774364611348950	
WRITE	265	0x40023830	0x0		0x0	4	1774364611348950	
READ	266	0x40023830	0x0		0x0	4	1774364611348950	
WRITE	267	0x40021414	0x00000200		0x0	4	1774364612029943	
READ	268	0x40021414	0x00000200		0x0	4	1774364612029943	
WRITE	269	0x40021400	0x0		0x0	4	1774364612029943	
READ	270	0x40021400	0x0		0x0	4	1774364612029943	
READ	271	0x40021404	0x00000000		0x0	4	1774364612029943	
READ	272	0x40021408	0x00140000		0x0	4	1774364612029943	
WRITE	273	0x4002140C	0x0		0x0	4	1774364612029943	
READ	274	0x4002140C	0x0		0x0	4	1774364612029943	
WRITE	275	0x40023830	0x00100020		0x0	4	1774364612029943	
READ	276	0x40023830	0x00100020		0x0	4	1774364612029943	
WRITE	277	0x40021414	0x00000400		0x0	4	1774364612733083	
READ	278	0x40021414	0x00000400		0x0	4	1774364612733083	
WRITE	279	0x40021400	0x00140000		0x0	4	1774364612733083	
READ	280	0x40021400	0x00140000		0x0	4	1774364612733083	
READ	281	0x40021404	0x00000000		0x0	4	1774364612733083	
READ	282	0x40021408	0x00140000		0x0	4	1774364612733083	
READ	283	0x4002140C	0x0		0x0	4	1774364612733083	
READ	284	0x40023830	0x00100020		0x0	4	1774364612733083	
WRITE	285	0x40021414	0x0		0x0	4	1774364613427210	
READ	286	0x40021414	0x0		0x0	4	1774364613427210	
WRITE	287	0x40021400	0x0		0x0	4	1774364613427210	
READ	288	0x40021400	0x0		0x0	4	1774364613427210	
READ	289	0x40021404	0x00000000		0x0	4	1774364613427210	
WRITE	290	0x40021408	0x0		0x0	4	1774364613427210	
READ	291	0x40021408	0x0		0x0	4	1774364613427210	
WRITE	292	0x4002140C	0x00140000		0x0	4	1774364613427210	
READ	293	0x4002140C	0x00140000		0x0	4	1774364613427210	
READ	294	0x40023830	0x00100020		0x0	4	1774364613427210	
WRITE	295	0x40021414	0x00000400		0x0	4	1774364614126833	
READ	296	0x40021414	0x00000400		0x0	4	1774364614126833	
READ	297	0x40021400	0x0		0x0	4	1774364614126833	
READ	298	0x40021404	0x00000000		0x0	4	1774364614126833	
WRITE	299	0x40021408	0x00140000		0x0	4	1774364614126833	
READ	300	0x40021408	0x00140000		0x0	4	1774364614126833	
READ	301	0x4002140C	0x00140000		0x0	4	1774364614126833	
WRITE	302	0x40023830	0x0		0x0	4	1774364614126833	
READ	303	0x40023830	0x0		0x0	4	1774364614126833	
WRITE	304	0x40021414	0x00000200		0x0	4	1774364614826702	
READ	305	0x40021414	0x00000200		0x0	4	1774364614826702	
WRITE	306	0x40021400	0x00140000		0x0	4	1774364614826702	
READ	307	0x40021400	0x00140000		0x0	4	1774364614826702	
READ	308	0x40021404	0x00000000		0x0	4	1774364614826702	
READ	309	0x40021408	0x00140000		0x0	4	1774364614826702	
READ	310	0x4002140C	0x00140000		0x0	4	1774364614826702	
WRITE	311	0x40023830	0x00100020		0x0	4	1774364614826702	
READ	312	0x40023830	0x00100020		0x0	4	1774364614826702	
READ	313	0x40021414	0x00000200		0x0	4	1774364615516750	
READ	314	0x40021400	0x00140000		0x0	4	1774364615516750	
READ	315	0x40021404	0x0		0x0	4	1774364615516750	
READ	316	0x40021408	0x00140000		0x0	4	1774364615516750	
READ	317	0x4002140C	0x00140000		0x0	4	1774364615516750	
WRITE	318	0x40023830	0x0		0x0	4	1774364615516750	
READ	319	0x40023830	0x0		0x0	4	1774364615516750	
WRITE	320	0x40021414	0x00000400		0x0	4	1774364616213939	
READ	321	0x40021414	0x00000400		0x0	4	1774364616213939	
READ	322	0x40021400	0x00140000		0x0	4	1774364616213939	
READ	323	0x40021404	0x00000000		0x0	4	1774364616213939	
WRITE	324	0x40021408	0x0		0x0	4	1774364616213939	
READ	325	0x40021408	0x0		0x0	4	1774364616213939	
READ	326	0x4002140C	0x00140000		0x0	4	1774364616213939	
READ	327	0x40023830	0x0		0x0	4	1774364616213939	
WRITE	328	0x40021414	0x00000200		0x0	4	1774364616913116	
READ	329	0x40021414	0x00000200		0x0	4	1774364616913116	
READ	330	0x40021400	0x00140000		0x0	4	1774364616913116	
READ	331	0x40021404	0x00000000		0x0	4	1774364616913116	
WRITE	332	0x40021408	0x00140000		0x0	4	1774364616913116	
READ	333	0x40021408	0x00140000		0x0	4	1774364616913116	
READ	334	0x4002140C	0x00140000		0x0	4	1774364616913116	
READ	335	0x40023830	0x0		0x0	4	1774364616913116	
WRITE	336	0x40021414	0x0		0x0	4	1774364617608924	
READ	337	0x40021414	0x0		0x0	4	1774364617608924	
READ	338	0x40021400	0x00140000		0x0	4	1774364617608924	
READ	339	0x40021404	0x00000000		0x0	4	1774364617608924	
READ	340	0x40021408	0x00140000		0x0	4	1774364617608924	
READ	341	0x4002140C	0x00140000		0x0	4	1774364617608924	
WRITE	342	0x40023830	0x00100020		0x0	4	1774364617608924	
READ	343	0x40023830	0x00100020		0x0	4	1774364617608924	
WRITE	344	0x40021414	0x00000200		0x0	4	1774364618306119	
READ	345	0x40021414	0x00000200		0x0	4	1774364618306119	
READ	346	0x40021400	0x00140000		0x0	4	1774364618306119	
READ	347	0x40021404	0x00000000		0x0	4	1774364618306119	
WRITE	348	0x40021408	0x0		0x0	4	1774364618306119	
READ	349	0x40021408	0x0		0x0	4	1774364618306119	
READ	350	0x4002140C	0x00140000		0x0	4	1774364618306119	
READ	351	0x40023830	0x00100020		0x0	4	1774364618306119	
